{"valueType":"nodes","values":[{"_typeName":"Place","id":"cjpftpx7c3n4u0a15psweqgd4","name":"Bearded Owl Brewing","updatedAt":"2018-12-08T18:59:47.160Z","largeImage":"https://res.cloudinary.com/danielhart/image/upload/c_fill,f_png,g_center,h_630,q_auto,w_1260/v1544295390/hellopeoria/enhnnv5sgqnjkjxm8mnl.png","image":"https://res.cloudinary.com/danielhart/image/upload/v1544295390/hellopeoria/enhnnv5sgqnjkjxm8mnl.png","description":"Craft brewery in the Peoria, IL Warehouse District that offers prairie inspired, handcrafted ales.","createdAt":"2018-12-08T18:59:47.160Z","address":"112 State St. Peoria, IL","category":"Bar"},{"_typeName":"Place","id":"cjpfuesik3o6v0a15qkgv4i09","name":"Thyme Kitchen and Craft Beer","updatedAt":"2018-12-08T19:20:19.753Z","largeImage":"https://res.cloudinary.com/danielhart/image/upload/c_fill,f_png,g_center,h_630,q_auto,w_1260/v1544296737/hellopeoria/xkbymvadqptn41w1yumc.png","image":"https://res.cloudinary.com/danielhart/image/upload/v1544296737/hellopeoria/xkbymvadqptn41w1yumc.png","description":"Lofty, bi-level eatery with a large craft beer and whiskey selection. Great veggie options for food.","createdAt":"2018-12-08T19:19:07.484Z","address":"736 SW Washington St, Peoria, IL 61602","category":"Restaurant"},{"_typeName":"Place","id":"cjpful0d13oxg0a15p4t2c00o","name":"Thanh Linh","updatedAt":"2018-12-12T00:48:40.589Z","largeImage":"https://res.cloudinary.com/danielhart/image/upload/c_fill,f_png,g_center,h_630,q_auto,w_1260/v1544297027/hellopeoria/i0deaqn36sfmoeesabhe.png","image":"https://res.cloudinary.com/danielhart/image/upload/v1544297027/hellopeoria/i0deaqn36sfmoeesabhe.png","description":"Humble Vietnamese outlet offering ample food portions of traditional soups & stir-fries & a lunch buffet.","createdAt":"2018-12-08T19:23:57.589Z","address":"1209 W Main St, Peoria, IL 61606","category":"Restaurant"},{"_typeName":"Place","id":"cjpfuqels6yfp0a51093e7e94","name":"One World","updatedAt":"2018-12-12T02:31:31.214Z","largeImage":"https://res.cloudinary.com/danielhart/image/upload/c_fill,f_png,g_center,h_630,q_auto,w_1260/v1544297231/hellopeoria/fympkxwbnf1rrm3im06f.png","image":"https://res.cloudinary.com/danielhart/image/upload/v1544297231/hellopeoria/fympkxwbnf1rrm3im06f.png","description":"Solid brunch food with vegetarian options. Serving breakfast dishes, burgers, pasta & sandwiches.","createdAt":"2018-12-08T19:28:09.328Z","address":"1245 W Main St, Peoria, IL 61606","category":"Restaurant"},{"_typeName":"Place","id":"cjpgbezve8j320a51tb3f2nqm","name":"Broken Tree","updatedAt":"2018-12-09T03:15:10.490Z","largeImage":"https://res.cloudinary.com/danielhart/image/upload/c_fill,f_png,g_center,h_630,q_100,w_1260/v1544325196/jki5fic9xvjpzuq9zpjn.png","image":"https://res.cloudinary.com/danielhart/image/upload/v1544325196/jki5fic9xvjpzuq9zpjn.jpg","description":"Hipster bar that serves delicious pizza and coffee late night. Fresh cocktail menu as well.","createdAt":"2018-12-09T03:15:10.490Z","address":"700 W. Main St. Peoria, IL","category":"Bar"},{"_typeName":"Place","id":"cjpgbxy8w8kq00a51u8mmxoyv","name":"Ulrich's Rebellion Room","updatedAt":"2018-12-12T02:32:25.367Z","largeImage":"https://res.cloudinary.com/danielhart/image/upload/c_fill,f_png,g_center,h_630,q_100,w_1260/v1544326055/jbsovgcfhlxghueklzxm.png","image":"https://res.cloudinary.com/danielhart/image/upload/v1544326055/jbsovgcfhlxghueklzxm.jpg","description":"Traditional Irish pub with a late-night menu of pizza, burgers, and wings. A vintage vibe with a late-night scene.","createdAt":"2018-12-09T03:29:54.848Z","address":"631 Main St. Peoria, IL","category":"Bar"},{"_typeName":"Place","id":"cjpgc4vgf4g4y0a15m08iuzsh","name":"Tannins and Hops","updatedAt":"2018-12-09T03:35:17.823Z","largeImage":"https://res.cloudinary.com/danielhart/image/upload/c_fill,f_png,g_north,h_630,q_100,w_1260/v1544326472/ihpyl1trm0rbwcx5gxss.png","image":"https://res.cloudinary.com/danielhart/image/upload/v1544326472/ihpyl1trm0rbwcx5gxss.jpg","description":"1920's style speakeasy with vintage-style cocktails and food menu. Make sure you know the password to get in.","createdAt":"2018-12-09T03:35:17.823Z","address":"619 A Southwest Water Street, Peoria, IL 61602","category":"Bar"},{"_typeName":"Place","id":"cjpgcafp28lq60a51d5u78cvt","name":"Blue Duck Barbecue Tavern","updatedAt":"2018-12-12T00:49:10.558Z","largeImage":"https://res.cloudinary.com/danielhart/image/upload/c_fill,f_png,g_north,h_630,q_100,w_1260/v1544326719/cacuvzmxrdgmtuyfakmu.png","image":"https://res.cloudinary.com/danielhart/image/upload/v1544326719/cacuvzmxrdgmtuyfakmu.jpg","description":"Small pub with house-smoked BBQ and other food options with craft beer on the menu. ","createdAt":"2018-12-09T03:39:37.334Z","address":"212 Southwest Water Street, Peoria, IL 61602","category":"Restaurant"},{"_typeName":"Place","id":"cjpgcfd768m6y0a51v1okuhq3","name":"Las Delicias","updatedAt":"2018-12-09T03:43:27.378Z","largeImage":"https://res.cloudinary.com/danielhart/image/upload/c_fill,f_png,g_north,h_630,q_100,w_1260/v1544326932/c70xuraiqvrm1iy6kgav.png","image":"https://res.cloudinary.com/danielhart/image/upload/v1544326932/c70xuraiqvrm1iy6kgav.jpg","description":"In-house made Mexican ice cream with a large selection of interesting flavors.","createdAt":"2018-12-09T03:43:27.378Z","address":"837 W Main St, Peoria, IL 61606","category":"Shop"},{"_typeName":"Place","id":"cjpkhr4o9eew60a15zcp439aq","name":"Zion Coffee Bar","updatedAt":"2018-12-12T01:23:38.985Z","largeImage":"https://res.cloudinary.com/danielhart/image/upload/c_fill,f_png,g_north,h_630,q_100,w_1260/v1544577811/sxgqdwxihcxlrukhxc2s.png","image":"https://res.cloudinary.com/danielhart/image/upload/v1544577811/sxgqdwxihcxlrukhxc2s.jpg","description":"Clean, sunny, and white space for in-house roasted coffee. Also serving a limited menu with fresh baked bread.","createdAt":"2018-12-12T01:23:38.985Z","address":"803 SW Adams St, Peoria, IL 61602","category":"Coffee"},{"_typeName":"Place","id":"cjpkhuddsef500a15um759xav","name":"thirty-thirty Coffee Co.","updatedAt":"2018-12-12T01:26:10.240Z","largeImage":"https://res.cloudinary.com/danielhart/image/upload/c_fill,f_png,g_north,h_630,q_100,w_1260/v1544577960/zwzsev5htddxgcvuabuu.png","image":"https://res.cloudinary.com/danielhart/image/upload/v1544577960/zwzsev5htddxgcvuabuu.jpg","description":"Cozy coffee shop serving house-roasted coffee with plenty of seating in a brick building.","createdAt":"2018-12-12T01:26:10.240Z","address":"734 Main St, Peoria, IL 61602","category":"Coffee"}]}