{"valueType":"nodes","values":[{"_typeName":"Place","id":"cjqyfsipetqxs0a71i4shcjv8","name":"Ulrich's Rebellion Room","updatedAt":"2019-01-16T00:17:13.394Z","largeImage":"","image":"","description":"Traditional Irish pub with a late-night menu of pizza, burgers, and wings. A vintage vibe with a late-night scene.","createdAt":"2019-01-16T00:17:13.394Z","address":"631 Main St, Peoria, IL 61602","category":"Bar","place_id":""},{"_typeName":"Place","id":"cjqyq0g8wk8td0917scjz1rzy","name":"Pho on Main II","updatedAt":"2019-01-16T05:03:19.616Z","largeImage":"","image":"","description":"Pho place","createdAt":"2019-01-16T05:03:19.616Z","address":"1200 W Main St, Peoria, IL 61606","category":"Restaurant","place_id":""},{"_typeName":"Place","id":"cjqyq1n2fuv7x0a71hvki7tp6","name":"Little Raven Eatery","updatedAt":"2019-01-16T05:04:15.111Z","largeImage":"","image":"","description":"Little Raven","createdAt":"2019-01-16T05:04:15.111Z","address":"1200 W Main St #21, Peoria, IL 61606","category":"","place_id":""},{"_typeName":"Place","id":"cjqyqqqznuxie0a71avquiere","name":"Sparkys","updatedAt":"2019-01-16T05:23:46.595Z","largeImage":"","image":"","description":"Bar","createdAt":"2019-01-16T05:23:46.595Z","address":"1914 N Wisconsin Ave, Peoria, IL 61603","category":"Bar","place_id":""},{"_typeName":"Place","id":"cjqyqsgs0uxo30a71ikq8aiyp","name":"Club Diesel","updatedAt":"2019-01-16T05:25:06.672Z","largeImage":"","image":"","description":"Club","createdAt":"2019-01-16T05:25:06.672Z","address":"629 Main St, Peoria, IL 61602","category":"","place_id":""},{"_typeName":"Place","id":"cjqyqu0tbuxse0a71km7ncx27","name":"Lava Nightclub","updatedAt":"2019-01-16T05:26:19.295Z","largeImage":"","image":"","description":"Club","createdAt":"2019-01-16T05:26:19.295Z","address":"627 Main St, Peoria, IL 61602","category":"","place_id":""},{"_typeName":"Place","id":"cjqyquxgska1u09179gz8qafp","name":"Something 2 Taco 'bout","updatedAt":"2019-01-16T05:27:01.612Z","largeImage":"","image":"","description":"","createdAt":"2019-01-16T05:27:01.612Z","address":"619 Main St, Peoria, IL 61602","category":"","place_id":""},{"_typeName":"Place","id":"cjqyqy73lka7c0917mot4o75h","name":"Sky Harbor Steak House","updatedAt":"2019-01-16T05:29:34.065Z","largeImage":"","image":"","description":"","createdAt":"2019-01-16T05:29:34.065Z","address":"1321 N Park Rd, West Peoria, IL 61604","category":"","place_id":""},{"_typeName":"Place","id":"cjqyr07egkabf0917mouqtn8e","name":"Agatucci's Restaurant","updatedAt":"2019-01-16T05:31:07.768Z","largeImage":"","image":"","description":"","createdAt":"2019-01-16T05:31:07.768Z","address":"2607 N University St, Peoria, IL 61604","category":"","place_id":""},{"_typeName":"Place","id":"cjqyr0y04uyir0a71w8hjxhpq","name":"Fedora's Pizza and Deli","updatedAt":"2019-01-16T05:31:42.244Z","largeImage":"","image":"","description":"","createdAt":"2019-01-16T05:31:42.244Z","address":"1229 W McClure Ave # 1, Peoria, IL 61604","category":"","place_id":""},{"_typeName":"Place","id":"IJ--_JzyhZCogRWw-Hpf6Qr4I","name":"Dave's Bar","updatedAt":"2019-01-15T23:56:07.789Z","description":"bar","createdAt":"2019-01-15T23:56:07.789Z","address":"901 S Shelley St, Peoria, IL 61605, USA","place_id":"ChIJ--_JzyhZCogRWw-Hpf6Qr4I"},{"_typeName":"Place","id":"IJ-U-myB5fCogRJtlqMnKNJb4","name":"Jan's Tap","updatedAt":"2019-01-15T23:56:07.789Z","description":"bar","createdAt":"2019-01-15T23:56:07.789Z","address":"3404 W Fremont St, Peoria, IL 61605, USA","place_id":"ChIJ-U-myB5fCogRJtlqMnKNJb4"},{"_typeName":"Place","id":"IJ-ZHukERaCogRNgvwembhP6A","name":"Hearth Restaurant","updatedAt":"2019-01-15T23:10:28.324Z","description":"restaurant","createdAt":"2019-01-15T23:10:28.324Z","address":"4604 N Prospect Rd, Peoria Heights, IL 61616, USA","place_id":"ChIJ-ZHukERaCogRNgvwembhP6A"},{"_typeName":"Place","id":"IJ03XvuLFeCogR2Dgt1SNU91M","name":"Trolley","updatedAt":"2019-01-15T23:56:07.789Z","description":"bar","createdAt":"2019-01-15T23:56:07.789Z","address":"2411 W Farmington Rd, West Peoria, IL 61604, USA","place_id":"ChIJ03XvuLFeCogR2Dgt1SNU91M"},{"_typeName":"Place","id":"IJ0fySe9VYCogRVjYLw9v-m8c","name":"L A Connection","updatedAt":"2019-01-15T23:56:07.789Z","description":"bar","createdAt":"2019-01-15T23:56:07.789Z","address":"1219 South Western Avenue, Peoria, IL 61605, USA","place_id":"ChIJ0fySe9VYCogRVjYLw9v-m8c"},{"_typeName":"Place","id":"IJ1crOLwNaCogRNLRlC8_02mk","name":"T E J's Sports Connection Inc","updatedAt":"2019-01-15T23:56:07.789Z","description":"bar","createdAt":"2019-01-15T23:56:07.789Z","address":"3219 NE Adams St, Peoria, IL 61603, USA","place_id":"ChIJ1crOLwNaCogRNLRlC8_02mk"},{"_typeName":"Place","id":"IJ36GofPJbCogRH42Y1MIxC2E","name":"Friendly Valley Tavern","updatedAt":"2019-01-15T23:56:07.789Z","description":"bar","createdAt":"2019-01-15T23:56:07.789Z","address":"3708 N Meadowbrook Rd, Peoria, IL 61604, USA","place_id":"ChIJ36GofPJbCogRH42Y1MIxC2E"},{"_typeName":"Place","id":"IJ3StKjipZCogR1AEADcfBeuA","name":"Peace BROTHER'S Mc","updatedAt":"2019-01-15T23:56:07.789Z","description":"bar","createdAt":"2019-01-15T23:56:07.789Z","address":"1900 W Garden St, Peoria, IL 61605, USA","place_id":"ChIJ3StKjipZCogR1AEADcfBeuA"},{"_typeName":"Place","id":"IJ3Wr-oURaCogR62N_Ie2D84I","name":"The Publik House","updatedAt":"2019-01-15T23:56:07.789Z","description":"bar","createdAt":"2019-01-15T23:56:07.789Z","address":"4614 N Prospect Rd, Peoria, IL 61614, USA","place_id":"ChIJ3Wr-oURaCogR62N_Ie2D84I"},{"_typeName":"Place","id":"IJ50SlGoFZCogRGHbW9ScAiPU","name":"Krispy Krunchy Chicken","updatedAt":"2019-01-15T23:10:28.324Z","description":"restaurant","createdAt":"2019-01-15T23:10:28.324Z","address":"Peoria, IL 61603, USA","place_id":"ChIJ50SlGoFZCogRGHbW9ScAiPU"},{"_typeName":"Place","id":"IJ5SSoIwdbCogRoUi0LYnQLMQ","name":"Edge By Chef Dustin Allen","updatedAt":"2019-01-15T23:10:28.324Z","description":"restaurant","createdAt":"2019-01-15T23:10:28.324Z","address":"4500 N Prospect Rd, Peoria Heights, IL 61616, USA","place_id":"ChIJ5SSoIwdbCogRoUi0LYnQLMQ"},{"_typeName":"Place","id":"IJ5z4CEglZCogR9R5yPb9QBHI","name":"Rhythm Kitchen Music Cafe","updatedAt":"2019-01-15T23:10:28.324Z","description":"bar","createdAt":"2019-01-15T23:10:28.324Z","address":"305 Southwest Water Street, Peoria, IL 61602, USA","place_id":"ChIJ5z4CEglZCogR9R5yPb9QBHI"},{"_typeName":"Place","id":"IJ6fk4VwtZCogROITvPSpSYs8","name":"Judges Chamber Bar","updatedAt":"2019-01-15T23:56:07.789Z","description":"bar","createdAt":"2019-01-15T23:56:07.789Z","address":"514 Main St, Peoria, IL 61602, USA","place_id":"ChIJ6fk4VwtZCogROITvPSpSYs8"},{"_typeName":"Place","id":"IJ7-2K6O5bCogRpUXhL8AKDbM","name":"Khoury's Cuisine","updatedAt":"2019-01-15T23:10:28.324Z","description":"restaurant","createdAt":"2019-01-15T23:10:28.324Z","address":"3326 N University St, Peoria, IL 61604, USA","place_id":"ChIJ7-2K6O5bCogRpUXhL8AKDbM"},{"_typeName":"Place","id":"IJ702z-rJeCogRnzaeNcLCYRg","name":"Crusen's Farmington","updatedAt":"2019-01-15T23:56:07.789Z","description":"bar","createdAt":"2019-01-15T23:56:07.789Z","address":"2117 W Farmington Rd, West Peoria, IL 61604, USA","place_id":"ChIJ702z-rJeCogRnzaeNcLCYRg"},{"_typeName":"Place","id":"IJ7V3nvt9eCogRQ-omNO1rj3w","name":"Da Joint","updatedAt":"2019-01-15T23:56:07.789Z","description":"bar","createdAt":"2019-01-15T23:56:07.789Z","address":"1035 S Laramie St, Peoria, IL 61605, USA","place_id":"ChIJ7V3nvt9eCogRQ-omNO1rj3w"},{"_typeName":"Place","id":"IJ8e-hKLteCogRoPPFjo0TVdw","name":"Jimmy's Bar","updatedAt":"2019-01-15T23:56:07.789Z","description":"bar","createdAt":"2019-01-15T23:56:07.789Z","address":"2801 W Farmington Rd, West Peoria, IL 61604, USA","place_id":"ChIJ8e-hKLteCogRoPPFjo0TVdw"},{"_typeName":"Place","id":"IJ8RZOnfFbCogR44HDyNFj868","name":"Bullpen Bar & Grill","updatedAt":"2019-01-15T23:56:07.789Z","description":"bar","createdAt":"2019-01-15T23:56:07.789Z","address":"3225 N Dries Ln, Peoria, IL 61604, USA","place_id":"ChIJ8RZOnfFbCogR44HDyNFj868"},{"_typeName":"Place","id":"IJ8xLtIotbCogRP3HPBhcmeuk","name":"Mariachi Mexican Restaurant Bar and Grill","updatedAt":"2019-01-15T23:10:28.324Z","description":"restaurant","createdAt":"2019-01-15T23:10:28.324Z","address":"1818 W War Memorial Dr, Peoria, IL 61614, USA","place_id":"ChIJ8xLtIotbCogRP3HPBhcmeuk"},{"_typeName":"Place","id":"IJ914suXlcCogRAN0HgPiG5iA","name":"Lariat Steakhouse","updatedAt":"2019-01-15T23:10:28.324Z","description":"bar","createdAt":"2019-01-15T23:10:28.324Z","address":"2232 W Glen Ave, Peoria, IL 61614, USA","place_id":"ChIJ914suXlcCogRAN0HgPiG5iA"},{"_typeName":"Place","id":"IJ9_toF5JZCogR-UodrXjHNZY","name":"El Mexicano Restaurant","updatedAt":"2019-01-15T23:10:28.324Z","description":"restaurant","createdAt":"2019-01-15T23:10:28.324Z","address":"1520 NE Jefferson St, Peoria, IL 61603, USA","place_id":"ChIJ9_toF5JZCogR-UodrXjHNZY"},{"_typeName":"Place","id":"IJBeVkPjRaCogRJRxUa3smOaY","name":"La Gondola Spaghetti House","updatedAt":"2019-01-15T23:10:28.324Z","description":"meal_takeaway","createdAt":"2019-01-15T23:10:28.324Z","address":"700 E War Memorial Dr, Peoria, IL 61614, USA","place_id":"ChIJBeVkPjRaCogRJRxUa3smOaY"},{"_typeName":"Place","id":"IJbUHovAlZCogRT0M3ImDayuU","name":"Martinis On Water Street","updatedAt":"2019-01-15T23:56:07.789Z","description":"bar","createdAt":"2019-01-15T23:56:07.789Z","address":"212 Southwest Water Street, Peoria, IL 61602, USA","place_id":"ChIJbUHovAlZCogRT0M3ImDayuU"},{"_typeName":"Place","id":"IJbVnYj0NaCogR_O-0N_GfBsI","name":"Pour BROS. Craft Taproom","updatedAt":"2019-01-15T23:56:07.789Z","description":"bar","createdAt":"2019-01-15T23:56:07.789Z","address":"4450 North Prospect Road, Suite C-1, Peoria Heights, IL 61616, United States","place_id":"ChIJbVnYj0NaCogR_O-0N_GfBsI"},{"_typeName":"Place","id":"IJcYWNuUZZCogRgPjZ-8NYnmk","name":"Jimador Authentic Mexican Cuisine","updatedAt":"2019-01-15T23:10:28.324Z","description":"restaurant","createdAt":"2019-01-15T23:10:28.324Z","address":"1200 W Main St, Peoria, IL 61606, USA","place_id":"ChIJcYWNuUZZCogRgPjZ-8NYnmk"},{"_typeName":"Place","id":"IJcZ3Ang9ZCogR7-IIm2EQt_s","name":"Kelleher's Irish Pub & Eatery","updatedAt":"2019-01-15T23:10:28.324Z","description":"bar","createdAt":"2019-01-15T23:10:28.324Z","address":"619 Southwest Water Street, Peoria, IL 61602, USA","place_id":"ChIJcZ3Ang9ZCogR7-IIm2EQt_s"},{"_typeName":"Place","id":"IJDblJgQxZCogR3f8PUf5bgJI","name":"Kickback On Fulton","updatedAt":"2019-01-15T23:56:07.789Z","description":"night_club","createdAt":"2019-01-15T23:56:07.789Z","address":"456 Fulton St #105, Peoria, IL 61602, USA","place_id":"ChIJDblJgQxZCogR3f8PUf5bgJI"},{"_typeName":"Place","id":"IJDfo8CwtZCogRn2Nasvtax0M","name":"Jim's Steak House","updatedAt":"2019-01-15T23:10:28.324Z","description":"bar","createdAt":"2019-01-15T23:10:28.324Z","address":"110 SW Jefferson Ave, Peoria, IL 61602, USA","place_id":"ChIJDfo8CwtZCogRn2Nasvtax0M"},{"_typeName":"Place","id":"IJdxWy7EtaCogRb0wrjiCrnoA","name":"Crow's Nest","updatedAt":"2019-01-15T23:56:07.789Z","description":"bar","createdAt":"2019-01-15T23:56:07.789Z","address":"633 E Lake Ave, Peoria, IL 61614, USA","place_id":"ChIJdxWy7EtaCogRb0wrjiCrnoA"},{"_typeName":"Place","id":"IJD_XTljZaCogRwqXs4DY3DyM","name":"Gebby's Family Restaurant","updatedAt":"2019-01-15T23:10:28.324Z","description":"restaurant","createdAt":"2019-01-15T23:10:28.324Z","address":"726 E War Memorial Dr, Peoria Heights, IL 61616, USA","place_id":"ChIJD_XTljZaCogRwqXs4DY3DyM"},{"_typeName":"Place","id":"IJEbLuKQ9ZCogR7Hi3jeHaCf0","name":"Cafe 401","updatedAt":"2019-01-16T04:50:10.842Z","description":"cafe","createdAt":"2019-01-16T04:50:10.842Z","address":"401 Southwest Water Street #401, Peoria, IL 61602, USA","place_id":"ChIJEbLuKQ9ZCogR7Hi3jeHaCf0"},{"_typeName":"Place","id":"IJeei19PZZCogRu6VPiJFWjiQ","name":"Veterans Pub & Pizza","updatedAt":"2019-01-15T23:10:28.324Z","description":"bar","createdAt":"2019-01-15T23:10:28.324Z","address":"2525 NE Adams St, Peoria, IL 61603, USA","place_id":"ChIJeei19PZZCogRu6VPiJFWjiQ"},{"_typeName":"Place","id":"IJEeUTjkZZCogRsmBI3OjV8A4","name":"The Fieldhouse Bar & Grill","updatedAt":"2019-01-15T23:56:07.789Z","description":"bar","createdAt":"2019-01-15T23:56:07.789Z","address":"1200 W Main St #24, Peoria, IL 61606, USA","place_id":"ChIJEeUTjkZZCogRsmBI3OjV8A4"},{"_typeName":"Place","id":"IJETyZv_NZCogRXpdzj-sz4FU","name":"Peoria Hofbrau","updatedAt":"2019-01-15T23:10:28.324Z","description":"restaurant","createdAt":"2019-01-15T23:10:28.324Z","address":"2210 NE Jefferson St, Peoria, IL 61603, USA","place_id":"ChIJETyZv_NZCogRXpdzj-sz4FU"},{"_typeName":"Place","id":"IJE_GdRBBZCogR9Cz4XsNRONU","name":"Zion Coffee Bar","updatedAt":"2019-01-16T04:50:10.842Z","description":"cafe","createdAt":"2019-01-16T04:50:10.842Z","address":"803 SW Adams St, Peoria, IL 61602, USA","place_id":"ChIJE_GdRBBZCogR9Cz4XsNRONU"},{"_typeName":"Place","id":"IJF-6G2rJeCogRjUOBe8ZE5_8","name":"Jerusalem Restaurant","updatedAt":"2019-01-15T23:10:28.324Z","description":"meal_takeaway","createdAt":"2019-01-15T23:10:28.324Z","address":"B, 2027 W Farmington Rd, Peoria, IL 61604, United States","place_id":"ChIJF-6G2rJeCogRjUOBe8ZE5_8"},{"_typeName":"Place","id":"IJg62CfpdbCogRCgVPhY_BCYk","name":"Johnny Vigs","updatedAt":"2019-01-15T23:56:07.789Z","description":"bar","createdAt":"2019-01-15T23:56:07.789Z","address":"4700 N University St # 15, Peoria, IL 61614, USA","place_id":"ChIJg62CfpdbCogRCgVPhY_BCYk"},{"_typeName":"Place","id":"IJgz535GtZCogRTFG_n8tQuac","name":"The Basket Case","updatedAt":"2019-01-15T23:56:07.789Z","description":"bar","createdAt":"2019-01-15T23:56:07.789Z","address":"610 W Main St, Peoria, IL 61606, USA","place_id":"ChIJgz535GtZCogRTFG_n8tQuac"},{"_typeName":"Place","id":"IJGZZVmg9ZCogRW9KskS7kM2o","name":"8 Bit Arcade Bar","updatedAt":"2019-01-15T23:56:07.789Z","description":"bar","createdAt":"2019-01-15T23:56:07.789Z","address":"100 State St, Peoria, IL 61602, USA","place_id":"ChIJGZZVmg9ZCogRW9KskS7kM2o"},{"_typeName":"Place","id":"IJHU2RskRaCogR-zB46myyo8U","name":"Leaves 'n Beans Coffee - Peoria Heights","updatedAt":"2019-01-16T04:50:10.842Z","description":"cafe","createdAt":"2019-01-16T04:50:10.842Z","address":"4800 N Prospect Rd, Peoria Heights, IL 61616, USA","place_id":"ChIJHU2RskRaCogR-zB46myyo8U"},{"_typeName":"Place","id":"IJi_jLpgtZCogRDdQzjI68lLU","name":"Saddle Up Dance Club","updatedAt":"2019-01-15T23:56:07.789Z","description":"night_club","createdAt":"2019-01-15T23:56:07.789Z","address":"116 SW Jefferson Ave, Peoria, IL 61602, USA","place_id":"ChIJi_jLpgtZCogRDdQzjI68lLU"},{"_typeName":"Place","id":"IJJ9YunEZZCogRV5DOiLttn_s","name":"Thanh Linh Restaurant","updatedAt":"2019-01-15T23:10:28.324Z","description":"restaurant","createdAt":"2019-01-15T23:10:28.324Z","address":"1209 W Main St, Peoria, IL 61606, USA","place_id":"ChIJJ9YunEZZCogRV5DOiLttn_s"},{"_typeName":"Place","id":"IJjdf6zDRaCogRV8Ty4H-L4Q8","name":"Crusens","updatedAt":"2019-01-15T23:56:07.789Z","description":"bar","createdAt":"2019-01-15T23:56:07.789Z","address":"426 E War Memorial Dr, Peoria, IL 61614, USA","place_id":"ChIJjdf6zDRaCogRV8Ty4H-L4Q8"},{"_typeName":"Place","id":"IJJxEAZJpbCogR54wVbRd2Xo0","name":"Chili's Grill & Bar","updatedAt":"2019-01-15T23:10:28.324Z","description":"bar","createdAt":"2019-01-15T23:10:28.324Z","address":"4825 N University St, Peoria, IL 61614, USA","place_id":"ChIJJxEAZJpbCogR54wVbRd2Xo0"},{"_typeName":"Place","id":"IJK04hdG9fCogRqGFpVA5UAak","name":"Shot Spot Pub","updatedAt":"2019-01-15T23:56:07.789Z","description":"bar","createdAt":"2019-01-15T23:56:07.789Z","address":"118 Argentina Ave, Bartonville, IL 61607, USA","place_id":"ChIJK04hdG9fCogRqGFpVA5UAak"},{"_typeName":"Place","id":"IJKa0u-w9ZCogRMs_pWyO0Yqg","name":"Thyme Kitchen and Craft Beer","updatedAt":"2019-01-15T23:10:28.324Z","description":"bar","createdAt":"2019-01-15T23:10:28.324Z","address":"736 SW Washington St, Peoria, IL 61602, USA","place_id":"ChIJKa0u-w9ZCogRMs_pWyO0Yqg"},{"_typeName":"Place","id":"IJkeZ_2GtZCogRLrKmJIm8UQ4","name":"Pitch Karaoke Bar","updatedAt":"2019-01-15T23:56:07.789Z","description":"night_club","createdAt":"2019-01-15T23:56:07.789Z","address":"631 W Main St, Peoria, IL 61606, USA","place_id":"ChIJkeZ_2GtZCogRLrKmJIm8UQ4"},{"_typeName":"Place","id":"IJkRdAnkZZCogRsVa7ze5SCGk","name":"Thai Tyme Authentic Thai Cuisine","updatedAt":"2019-01-15T23:10:28.324Z","description":"restaurant","createdAt":"2019-01-15T23:10:28.324Z","address":"1223 W Main St, Peoria, IL 61606, USA","place_id":"ChIJkRdAnkZZCogRsVa7ze5SCGk"},{"_typeName":"Place","id":"IJmbgrUQtZCogR3ia4_iNdjr8","name":"Hoops Pub & Pizza","updatedAt":"2019-01-15T23:10:28.324Z","description":"bar","createdAt":"2019-01-15T23:10:28.324Z","address":"1029, 516 Main St, Peoria, IL 61602, United States","place_id":"ChIJmbgrUQtZCogR3ia4_iNdjr8"},{"_typeName":"Place","id":"IJmzrCoAtZCogR9YRHrxSBsDA","name":"Kenny's Westside Pub","updatedAt":"2019-01-15T23:56:07.789Z","description":"bar","createdAt":"2019-01-15T23:56:07.789Z","address":"112 SW Jefferson Ave, Peoria, IL 61602, USA","place_id":"ChIJmzrCoAtZCogR9YRHrxSBsDA"},{"_typeName":"Place","id":"IJO5dOKQFbCogRSNXCajIG4Lw","name":"thirty-thirty Coffee Co. (Junction City)","updatedAt":"2019-01-16T04:50:10.842Z","description":"cafe","createdAt":"2019-01-16T04:50:10.842Z","address":"5901 N Prospect Rd #7, Peoria, IL 61614, USA","place_id":"ChIJO5dOKQFbCogRSNXCajIG4Lw"},{"_typeName":"Place","id":"IJOQuaaKNbCogROXFVuLJ90wQ","name":"Red Barn","updatedAt":"2019-01-15T23:56:07.789Z","description":"bar","createdAt":"2019-01-15T23:56:07.789Z","address":"621 W Glen Ave, Peoria, IL 61614, USA","place_id":"ChIJOQuaaKNbCogROXFVuLJ90wQ"},{"_typeName":"Place","id":"IJoTTdqHZcCogRVULx1JwlnMM","name":"Smo-King Pit","updatedAt":"2019-01-15T23:10:28.324Z","description":"restaurant","createdAt":"2019-01-15T23:10:28.324Z","address":"2200 W War Memorial Dr, Peoria, IL 61613, USA","place_id":"ChIJoTTdqHZcCogRVULx1JwlnMM"},{"_typeName":"Place","id":"IJP9zbow9cCogR53qY5G9ygdk","name":"Golden Kitchen Restaurant","updatedAt":"2019-01-15T23:10:28.324Z","description":"restaurant","createdAt":"2019-01-15T23:10:28.324Z","address":"3311 N Sterling Ave, Peoria, IL 61604, USA","place_id":"ChIJP9zbow9cCogR53qY5G9ygdk"},{"_typeName":"Place","id":"IJPc82Zh1aCogRCX5X69tWFJ0","name":"Reba's Mutual Tap","updatedAt":"2019-01-15T23:56:07.789Z","description":"bar","createdAt":"2019-01-15T23:56:07.789Z","address":"2923 NE Adams St, Peoria, IL 61603, USA","place_id":"ChIJPc82Zh1aCogRCX5X69tWFJ0"},{"_typeName":"Place","id":"IJpemshkRaCogRCvV2dqDti88","name":"W.E. Sullivan's Irish Pub and Fare","updatedAt":"2019-01-15T23:56:07.789Z","description":"bar","createdAt":"2019-01-15T23:56:07.789Z","address":"4538 N Prospect Rd, Peoria Heights, IL 61616, USA","place_id":"ChIJpemshkRaCogRCvV2dqDti88"},{"_typeName":"Place","id":"IJpfKUzCZZCogRFhc-qBPJOQI","name":"Dans Tow Bar","updatedAt":"2019-01-15T23:56:07.789Z","description":"bar","createdAt":"2019-01-15T23:56:07.789Z","address":"1923 SW Adams St, Peoria, IL 61602, USA","place_id":"ChIJpfKUzCZZCogRFhc-qBPJOQI"},{"_typeName":"Place","id":"IJpTFYi3lcCogRMa40cR4xafc","name":"City Heat","updatedAt":"2019-01-15T23:56:07.789Z","description":"bar","createdAt":"2019-01-15T23:56:07.789Z","address":"2248 W Glen Ave, Peoria, IL 61614, USA","place_id":"ChIJpTFYi3lcCogRMa40cR4xafc"},{"_typeName":"Place","id":"IJqZTrWAtZCogRoMaR8mXURF8","name":"Table 19","updatedAt":"2019-01-15T23:10:28.324Z","description":"restaurant","createdAt":"2019-01-15T23:10:28.324Z","address":"501 Main St, Peoria, IL 61602, USA","place_id":"ChIJqZTrWAtZCogRoMaR8mXURF8"},{"_typeName":"Place","id":"IJR-j773BcCogRff0-VcqCZm0","name":"Chipotle Mexican Grill","updatedAt":"2019-01-15T23:10:28.324Z","description":"restaurant","createdAt":"2019-01-15T23:10:28.324Z","address":"4512 N Sterling Ave, Peoria, IL 61656, USA","place_id":"ChIJR-j773BcCogRff0-VcqCZm0"},{"_typeName":"Place","id":"IJr1kXowlZCogR9_9WAZGzj8Q","name":"The Blue Duck Barbecue Tavern","updatedAt":"2019-01-15T23:10:28.324Z","description":"restaurant","createdAt":"2019-01-15T23:10:28.324Z","address":"212 Southwest Water Street, Peoria, IL 61602, USA","place_id":"ChIJr1kXowlZCogR9_9WAZGzj8Q"},{"_typeName":"Place","id":"IJR5lw9N5bCogRN9DKTvzXDHA","name":"Whitey's Tip Top Inn","updatedAt":"2019-01-15T23:56:07.789Z","description":"bar","createdAt":"2019-01-15T23:56:07.789Z","address":"2601 N Sheridan Rd, Peoria, IL 61604, USA","place_id":"ChIJR5lw9N5bCogRN9DKTvzXDHA"},{"_typeName":"Place","id":"IJRyACqQpZCogRHK68A6WfZhI","name":"Two25","updatedAt":"2019-01-15T23:10:28.324Z","description":"restaurant","createdAt":"2019-01-15T23:10:28.324Z","address":"225 NE Adams St, Peoria, IL 61602, USA","place_id":"ChIJRyACqQpZCogRHK68A6WfZhI"},{"_typeName":"Place","id":"IJtTSgW0FZCogRBezoBmI3Vvo","name":"Haddad's Restaurant","updatedAt":"2019-01-15T23:10:28.324Z","description":"restaurant","createdAt":"2019-01-15T23:10:28.324Z","address":"1010 W Main St, Peoria, IL 61606, USA","place_id":"ChIJtTSgW0FZCogRBezoBmI3Vvo"},{"_typeName":"Place","id":"IJtWUFvkdeCogRaWVg4KxBAVo","name":"Cracked Pepper","updatedAt":"2019-01-15T23:10:28.324Z","description":"bakery","createdAt":"2019-01-15T23:10:28.324Z","address":"1108 W Glen Ave, Peoria, IL 61614, USA","place_id":"ChIJtWUFvkdeCogRaWVg4KxBAVo"},{"_typeName":"Place","id":"IJU1Q8PrxYCogRJW-SQhSspfY","name":"Kuchie's on the Water","updatedAt":"2019-01-15T23:56:07.789Z","description":"bar","createdAt":"2019-01-15T23:56:07.789Z","address":"579 Wesley Rd, Creve Coeur, IL 61610, USA","place_id":"ChIJU1Q8PrxYCogRJW-SQhSspfY"},{"_typeName":"Place","id":"IJu53EmHFcCogRNFwwMk8qcmQ","name":"Kouri's Pub","updatedAt":"2019-01-15T23:56:07.789Z","description":"bar","createdAt":"2019-01-15T23:56:07.789Z","address":"4421 N Sterling Ave, Peoria, IL 61615, USA","place_id":"ChIJu53EmHFcCogRNFwwMk8qcmQ"},{"_typeName":"Place","id":"IJWVwv3u5bCogRo8epadTxqqQ","name":"Childers Eatery","updatedAt":"2019-01-15T23:10:28.324Z","description":"restaurant","createdAt":"2019-01-15T23:10:28.324Z","address":"3312 N University St, Peoria, IL 61604, USA","place_id":"ChIJWVwv3u5bCogRo8epadTxqqQ"},{"_typeName":"Place","id":"IJx-Kp6m1cCogRFA8i1VRqNSw","name":"Biaggi's Ristorante Italiano","updatedAt":"2019-01-15T23:10:28.324Z","description":"restaurant","createdAt":"2019-01-15T23:10:28.324Z","address":"2601 W Lake Ave, Peoria, IL 61615, USA","place_id":"ChIJx-Kp6m1cCogRFA8i1VRqNSw"},{"_typeName":"Place","id":"IJx-Kp6m1cCogRfRRj1lHmNXw","name":"Sushigawa","updatedAt":"2019-01-15T23:10:28.324Z","description":"restaurant","createdAt":"2019-01-15T23:10:28.324Z","address":"2601 W Lake Ave, Peoria, IL 61615, USA","place_id":"ChIJx-Kp6m1cCogRfRRj1lHmNXw"},{"_typeName":"Place","id":"IJxXD7anVZCogRK0zDfS0qArI","name":"Obed & Isaac's Microbrewery and Eatery","updatedAt":"2019-01-15T23:10:28.324Z","description":"bar","createdAt":"2019-01-15T23:10:28.324Z","address":"321 NE Madison Ave, Peoria, IL 61603, USA","place_id":"ChIJxXD7anVZCogRK0zDfS0qArI"},{"_typeName":"Place","id":"IJY1eurgtZCogRZJVc6olprT8","name":"[CxT] Roasting Company - Apollo","updatedAt":"2019-01-16T04:50:10.842Z","description":"cafe","createdAt":"2019-01-16T04:50:10.842Z","address":"309B Main St, Peoria, IL 61602, USA","place_id":"ChIJY1eurgtZCogRZJVc6olprT8"},{"_typeName":"Place","id":"IJZdXcIZFZCogRaNCUZAWErG4","name":"Cole's Corner Tap","updatedAt":"2019-01-15T23:56:07.789Z","description":"bar","createdAt":"2019-01-15T23:56:07.789Z","address":"1227 NE Adams St, Peoria, IL 61603, USA","place_id":"ChIJZdXcIZFZCogRaNCUZAWErG4"},{"_typeName":"Place","id":"IJzTR9nu5bCogRoYbGHXjUV6E","name":"Ming Shee Restaurant","updatedAt":"2019-01-15T23:10:28.324Z","description":"restaurant","createdAt":"2019-01-15T23:10:28.324Z","address":"3510 N University St A, Peoria, IL 61604, USA","place_id":"ChIJzTR9nu5bCogRoYbGHXjUV6E"},{"_typeName":"Place","id":"IJzTXpHXNZCogRLNV5rpuX54Q","name":"thirty-thirty Coffee Co.","updatedAt":"2019-01-16T04:50:10.842Z","description":"cafe","createdAt":"2019-01-16T04:50:10.842Z","address":"734 Main St, Peoria, IL 61602, USA","place_id":"ChIJzTXpHXNZCogRLNV5rpuX54Q"},{"_typeName":"Place","id":"IJzVGDgkZZCogRkJGCaXW9eGo","name":"One World","updatedAt":"2019-01-15T23:10:28.324Z","description":"cafe","createdAt":"2019-01-15T23:10:28.324Z","address":"1245 W Main St, Peoria, IL 61606, USA","place_id":"ChIJzVGDgkZZCogRkJGCaXW9eGo"},{"_typeName":"Place","id":"IJ_dOIgEZZCogRLC3ingz24QI","name":"Avanti's Ristorante","updatedAt":"2019-01-15T23:10:28.324Z","description":"restaurant","createdAt":"2019-01-15T23:10:28.324Z","address":"1301 W Main St, Peoria, IL 61606, USA","place_id":"ChIJ_dOIgEZZCogRLC3ingz24QI"}]}